[
    {
        "id": 1,
        "offerId": "Qwerty",
        "name": "Fasttrack",
        "car": "Innova",
        "seatsLeft": 3,
        "pickUp": "Vanrose Junction",
        "destination": "Office"
    },
    {
        "id": 2,
        "offerId": "Kwerty",
        "name": "Fasttrack",
        "car": "Innova",
        "seatsLeft": 2,
        "pickUp": "PTP",
        "destination": "Office"
    },
    {
        "id": 3,
        "offerId": "Twerty",
        "name": "Fasttrack",
        "car": "Innova",
        "seatsLeft": 7,
        "pickUp": "Office",
        "destination": "East-Fort"
    },
    {
        "id": 4,
        "offerId": "Pwerty",
        "name": "Fasttrack",
        "car": "Innova",
        "seatsLeft": 5,
        "pickUp": "Office",
        "destination": "Central Mail"
    }
]